{
  "wrapper": {
    "timebankMax": 10000,
    "timePerMove": 200,
    "maxTimeouts": 0,
    "resultFile": "./resultfile.json",
    "debug": true
  },
  "match": {
    "bots": [{
      "command": "java -cp /home/jim/workspace/connect-four-starter-bot/bin bot.BotStarter"
    },{
      "command": "java -cp /home/jim/workspace/connect-four-starter-bot/bin bot.BotStarter"
    }],
    "engine": {
      "command": "java -jar /home/jim/workspace/connect-four-engine/build/libs/connect-four-engine-1.0.1.jar"
    }
  }
}